handle_a,player_a,account_a,seasons_a,handle_b,player_b,account_b,seasons_b,reason
kinglvlatt,cmsza1baw0004ky041dpi0kvs,4088,9,king_lvlatt,cmt4va3d0002g6rikawt0ui7l,5245,1,no Season in common, but nothing proves they are one person
chokshi_krunal,cmt0jtbca000w6rpo07tws912,4207,9,chokshi.krunal,cmt4v9yar000e6rik9ml1fic0,5171,3,no Season in common, but nothing proves they are one person
xlx_spg_xlx,cmt0jphi6000k6rpoq2j38lk0,4195,15,xlx_s_p_g_xlx,cmt4vb5i300j26rikp1gx9cqn,5843,3,no Season in common, but nothing proves they are one person
king_vaughan,cmt0pf0r600156rpocof7nt6k,4224,5,kingvaughan,cmt4vavpk00eq6rikdci4sv6a,5687,2,no Season in common, but nothing proves they are one person
artic_wraith,cmt1t8vnr005d6r0cjgyv1awp,4401,1,artic.wraith,cmt4va3yn002p6rikxssv82c1,5254,1,no Season in common, but nothing proves they are one person
cool.combos,cmt1num9s00146r0c97oahkw8,4326,6,cool_combos,cmt4va5ml003e6rik29ydedpw,5279,6,no Season in common, but nothing proves they are one person
_KoRn_69,cmt1ov4kw002p6r0ck011lgvc,4353,3,_korn_69_,cmt4v9yya000n6rikmqwstjba,5180,1,no Season in common, but nothing proves they are one person
tino_nica,cmt0q3lfa00216rpog7p5fp65,4248,44,tino.nica,cmt4vaaz6005p6rikrbdgoadv,5362,1,no Season in common, but nothing proves they are one person
x_majik.shots_x,cmt3crch1000o6rh8v6qaz9y0,4588,8,x_majik_shots_x,cmt4va62m003l6rik9dmd9485,5286,1,no Season in common, but nothing proves they are one person
nakash_qamar,cmt4v9z3r000p6rikhfyh2fpi,5182,3,nakash.qamar,cmt4va11p001h6rik98ltz2al,5210,1,both appear in 1 of the same Season(s) — likely two people
uslander@sbcglobal.net,cmt4v9z9q000r6rik9niawycx,5184,5,uslander@sbcglobal.net.,cmt4vgdqp00026rywrzxfb7ty,6324,1,both appear in 1 of the same Season(s) — likely two people
xdis.enchantedx,cmt4vad0c006l6rikosdb6whu,5394,3,x.dis.enchantedx,cmt4vge3700076ryw8jjt6f0h,6329,1,both appear in 1 of the same Season(s) — likely two people
irish_gary,cmt4vagp900856riknvqo7tb3,5450,1,irish.gary,cmt4vbxbb00v76rikw81c4f4f,6280,1,no Season in common, but nothing proves they are one person
lll_n0_lll,cmt4vah55008c6rik7j7hnedn,5457,5,lll.n0_lll,cmt4vgef9000c6rywdwvec3tg,6334,1,both appear in 1 of the same Season(s) — likely two people
the_bez_is_back,cmt4vapbn00by6rikhrbro5sc,5587,1,thebezisback,cmt4vbc4l00lz6riku2flms18,5948,3,no Season in common, but nothing proves they are one person
l1_stephen_1,cmt4vapt900c66rikwj0pjls3,5595,23,l1_stephen_ 1,cmt4vgf8k000n6rywtv15g8qw,6345,1,both appear in 1 of the same Season(s) — likely two people
t_r_a_v_i_s_,cmt4vawfh00f16rikm3dua6d1,5698,1,t_r_a_v_i_s,cmt4vawso00f76rikavzxcb50,5704,1,no Season in common, but nothing proves they are one person
victoria_7k,cmt4vb7w800k56rik7shtj9wb,5882,6,Victoria7k,cmt4vgf5u000m6rywnwiaj3rm,6344,1,both appear in 1 of the same Season(s) — likely two people
gbwarrior1,cmt4vbays00lh6rikngmg1cdk,5930,2,gb_warrior1,cmt4vbqn300sa6rikl3z8w7m7,6175,2,no Season in common, but nothing proves they are one person
a_d_a_m__,cmt4vbean00mx6rikkd09m4g9,5982,3,A_D_A_M_,cmt4vgf0d000k6ryw45un45ho,6342,1,both appear in 1 of the same Season(s) — likely two people
u.nderrated,cmt4vbmrs00qm6rikrfbmagmb,6115,9,underrated,cmt4vggia00166rywbwi38m1q,6364,1,both appear in 1 of the same Season(s) — likely two people
stud+muffin+69,cmt4vbpdx00rq6rikqw1v06zq,6155,7,stud+muffin_69,cmt4vggdp00146rywui3u4kqi,6362,1,both appear in 1 of the same Season(s) — likely two people
xlxmooneyxlx,cmt4vbvis00ue6rik5uv0ibbe,6251,5,xlx_mooney_xlx,cmt4vgg27000z6rywpuud261i,6357,1,both appear in 1 of the same Season(s) — likely two people
